{
  "dim_20_pose_60_gap_34": {
    "The f1_score 2-means corner identification": [
      0.9574468085106385,
      0.9183673469387755,
      1.0
    ],
    "The f1_score 3-means global corner identification": [
      0.7837837837837838,
      0.6444444444444445,
      1.0
    ],
    "The f1_score 3-means each corner identification": 0.6363636363636364
  },
  "dim_25_pose_60_gap_34": {
    "The f1_score 2-means corner identification": [
      0.9523809523809523,
      0.9090909090909091,
      1.0
    ],
    "The f1_score 3-means global corner identification": [
      0.8235294117647058,
      0.7,
      1.0
    ],
    "The f1_score 3-means each corner identification": 0.68
  },
  "dim_30_pose_60_gap_34": {
    "The f1_score 2-means corner identification": [
      0.9873417721518988,
      0.975,
      1.0
    ],
    "The f1_score 3-means global corner identification": [
      0.9873417721518988,
      0.975,
      1.0
    ],
    "The f1_score 3-means each corner identification": 0.9130434782608695
  },
  "dim_20_pose_60_gap_42": {
    "The f1_score 2-means corner identification": [
      0.9702970297029702,
      0.9423076923076923,
      1.0
    ],
    "The f1_score 3-means global corner identification": [
      0.20338983050847456,
      0.11320754716981132,
      1.0
    ],
    "The f1_score 3-means each corner identification": 0.13559322033898305
  },
  "dim_25_pose_60_gap_42": {
    "The f1_score 2-means corner identification": [
      0.9670329670329669,
      0.9361702127659575,
      1.0
    ],
    "The f1_score 3-means global corner identification": [
      0.9268292682926829,
      0.8636363636363636,
      1.0
    ],
    "The f1_score 3-means each corner identification": 0.8148148148148148
  },
  "dim_30_pose_60_gap_42": {
    "The f1_score 2-means corner identification": [
      0.9638554216867469,
      0.9302325581395349,
      1.0
    ],
    "The f1_score 3-means global corner identification": [
      0.787878787878788,
      0.65,
      1.0
    ],
    "The f1_score 3-means each corner identification": 0.66
  },
  "dim_20_pose_60_gap_50": {
    "The f1_score 2-means corner identification": [
      0.9818181818181817,
      0.9642857142857143,
      1.0
    ],
    "The f1_score 3-means global corner identification": [
      0.9818181818181817,
      0.9642857142857143,
      1.0
    ],
    "The f1_score 3-means each corner identification": 0.96875
  },
  "dim_25_pose_60_gap_50": {
    "The f1_score 2-means corner identification": [
      0.98,
      0.9607843137254902,
      1.0
    ],
    "The f1_score 3-means global corner identification": [
      0.9230769230769229,
      0.8571428571428571,
      1.0
    ],
    "The f1_score 3-means each corner identification": 0.8305084745762712
  },
  "dim_30_pose_60_gap_50": {
    "The f1_score 2-means corner identification": [
      0.9670329670329669,
      0.9361702127659575,
      1.0
    ],
    "The f1_score 3-means global corner identification": [
      0.9268292682926829,
      0.8636363636363636,
      1.0
    ],
    "The f1_score 3-means each corner identification": 0.8333333333333334
  },
  "dim_20_pose_65_gap_34": {
    "The f1_score 2-means corner identification": [
      0.9670329670329669,
      0.9361702127659575,
      1.0
    ],
    "The f1_score 3-means global corner identification": [
      0.7605633802816901,
      0.6136363636363636,
      1.0
    ],
    "The f1_score 3-means each corner identification": 0.6111111111111112
  },
  "dim_25_pose_65_gap_34": {
    "The f1_score 2-means corner identification": [
      0.9879518072289156,
      0.9761904761904762,
      1.0
    ],
    "The f1_score 3-means global corner identification": [
      0.9879518072289156,
      0.9761904761904762,
      1.0
    ],
    "The f1_score 3-means each corner identification": 0.94
  },
  "dim_30_pose_65_gap_34": {
    "The f1_score 2-means corner identification": [
      0.9876543209876542,
      0.975609756097561,
      1.0
    ],
    "The f1_score 3-means global corner identification": [
      0.9876543209876542,
      0.975609756097561,
      1.0
    ],
    "The f1_score 3-means each corner identification": 0.9148936170212766
  },
  "dim_20_pose_65_gap_42": {
    "The f1_score 2-means corner identification": [
      0.9702970297029702,
      0.9423076923076923,
      1.0
    ],
    "The f1_score 3-means global corner identification": [
      0.1724137931034483,
      0.09433962264150944,
      1.0
    ],
    "The f1_score 3-means each corner identification": 0.15254237288135594
  },
  "dim_25_pose_65_gap_42": {
    "The f1_score 2-means corner identification": [
      0.9777777777777777,
      0.9565217391304348,
      1.0
    ],
    "The f1_score 3-means global corner identification": [
      0.9777777777777777,
      0.9565217391304348,
      1.0
    ],
    "The f1_score 3-means each corner identification": 0.9444444444444444
  },
  "dim_30_pose_65_gap_42": {
    "The f1_score 2-means corner identification": [
      0.9647058823529412,
      0.9318181818181818,
      1.0
    ],
    "The f1_score 3-means global corner identification": [
      0.2,
      0.1111111111111111,
      1.0
    ],
    "The f1_score 3-means each corner identification": 0.09803921568627451
  },
  "dim_20_pose_65_gap_50": {
    "The f1_score 2-means corner identification": [
      0.9724770642201837,
      0.9464285714285714,
      1.0
    ],
    "The f1_score 3-means global corner identification": [
      0.21874999999999997,
      0.12280701754385964,
      1.0
    ],
    "The f1_score 3-means each corner identification": 0.1746031746031746
  },
  "dim_25_pose_65_gap_50": {
    "The f1_score 2-means corner identification": [
      0.9696969696969697,
      0.9411764705882353,
      1.0
    ],
    "The f1_score 3-means global corner identification": [
      0.9333333333333333,
      0.875,
      1.0
    ],
    "The f1_score 3-means each corner identification": 0.8448275862068966
  },
  "dim_30_pose_65_gap_50": {
    "The f1_score 2-means corner identification": [
      0.9565217391304348,
      0.9166666666666666,
      1.0
    ],
    "The f1_score 3-means global corner identification": [
      0.7945205479452053,
      0.6590909090909091,
      1.0
    ],
    "The f1_score 3-means each corner identification": 0.6296296296296297
  },
  "dim_20_pose_70_gap_34": {
    "The f1_score 2-means corner identification": [
      0.9565217391304348,
      0.9166666666666666,
      1.0
    ],
    "The f1_score 3-means global corner identification": [
      0.7605633802816901,
      0.6136363636363636,
      1.0
    ],
    "The f1_score 3-means each corner identification": 0.6111111111111112
  },
  "dim_25_pose_70_gap_34": {
    "The f1_score 2-means corner identification": [
      0.9882352941176471,
      0.9767441860465116,
      1.0
    ],
    "The f1_score 3-means global corner identification": [
      0.9882352941176471,
      0.9767441860465116,
      1.0
    ],
    "The f1_score 3-means each corner identification": 0.8823529411764706
  },
  "dim_30_pose_70_gap_34": {
    "The f1_score 2-means corner identification": [
      0.9876543209876542,
      0.975609756097561,
      1.0
    ],
    "The f1_score 3-means global corner identification": [
      0.9743589743589745,
      0.95,
      1.0
    ],
    "The f1_score 3-means each corner identification": 0.8936170212765957
  },
  "dim_20_pose_70_gap_42": {
    "The f1_score 2-means corner identification": [
      0.9702970297029702,
      0.9423076923076923,
      1.0
    ],
    "The f1_score 3-means global corner identification": [
      0.1724137931034483,
      0.09433962264150944,
      1.0
    ],
    "The f1_score 3-means each corner identification": 0.13559322033898305
  },
  "dim_25_pose_70_gap_42": {
    "The f1_score 2-means corner identification": [
      0.9670329670329669,
      0.9361702127659575,
      1.0
    ],
    "The f1_score 3-means global corner identification": [
      0.9268292682926829,
      0.8636363636363636,
      1.0
    ],